mun,name,com,longitude,latitude
430017,"Aiguamúrcia",01,1.364278,41.347681
430056,"Alcover",01,1.172103,41.263725
430108,"Alió",01,1.307958,41.295528
430347,"Bràfim",01,1.341747,41.269897
430363,"Cabra del Camp",01,1.277833,41.396408
430593,"Figuerola del Camp",01,1.266492,41.373044
430666,"Garidells, els",01,1.248781,41.208400
430803,"Masó, la",01,1.223886,41.235939
430831,"Milà, el",01,1.208608,41.249214
430897,"Montferri",01,1.366903,41.266431
430918,"Mont-ral",01,1.098869,41.288433
430982,"Nulles",01,1.296892,41.250328
431080,"Pla de Santa Maria, el",01,1.291828,41.364417
431135,"Pont d'Armentera, el",01,1.363369,41.383919
431191,"Puigpelat",01,1.298811,41.279856
431205,"Querol",01,1.399436,41.424958
431248,"Riba, la",01,1.178922,41.319003
431325,"Rodonyà",01,1.398761,41.281739
431346,"Rourell, el",01,1.219122,41.224608
431606,"Vallmoll",01,1.249908,41.244444
431613,"Valls",01,1.252036,41.287711
431652,"Vilabella",01,1.331547,41.248583
431704,"Vila-rodona",01,1.359494,41.312036
170010,"Agullana",02,2.847522,42.395189
170031,"Albanyà",02,2.721244,42.305839
170059,"Far d'Empordà, el",02,2.996364,42.252772
170118,"Armentera, l'",02,3.075972,42.173267
170123,"Avinyonet de Puigventós",02,2.915450,42.250714
170144,"Vajol, la",02,2.800414,42.404572
170160,"Bàscara",02,2.911031,42.161550
170268,"Borrassà",02,2.927300,42.224156
170293,"Boadella i les Escaules",02,2.857083,42.330583
170307,"Cabanes",02,2.976947,42.310408
170314,"Cabanelles",02,2.820650,42.231467
170329,"Cadaqués",02,3.277158,42.290261
170412,"Cantallops",02,2.926158,42.423633
170427,"Capmany",02,2.921356,42.375225
170470,"Castelló d'Empúries",02,3.074864,42.260628
170519,"Cistella",02,2.849342,42.269558
170524,"Siurana",02,2.995156,42.209992
170545,"Colera",02,3.151783,42.404969
170600,"Darnius",02,2.834531,42.368378
170622,"Escala, l'",02,3.134894,42.126156
170643,"Espolla",02,3.001822,42.392364
170669,"Figueres",02,2.962414,42.266500
170741,"Fortià",02,3.039997,42.244208
170754,"Garrigàs",02,2.954886,42.194222
170773,"Garriguella",02,3.057664,42.344392
170865,"Jonquera, la",02,2.875419,42.418861
170887,"Lladó",02,2.814542,42.248794
170926,"Llançà",02,3.152408,42.365919
170932,"Llers",02,2.913267,42.296417
171002,"Masarac",02,2.973592,42.352058
171024,"Maçanet de Cabrenys",02,2.751872,42.387817
171061,"Mollet de Peralada",02,3.001214,42.361067
171117,"Navata",02,2.861867,42.224544
171156,"Ordis",02,2.908525,42.219414
171194,"Palau de Santa Eulàlia",02,2.965494,42.174639
171208,"Palau-saverdera",02,3.150756,42.309636
171289,"Pau",02,3.118008,42.317328
171292,"Pedret i Marzà",02,3.068858,42.312642
171328,"Peralada",02,3.010617,42.309283
171352,"Pont de Molins",02,2.930228,42.315117
171365,"Pontós",02,2.918258,42.187222
171387,"Portbou",02,3.159242,42.427150
171404,"Port de la Selva, el",02,3.206058,42.339269
171432,"Rabós",02,3.028850,42.380428
171518,"Riumors",02,3.042714,42.228222
171523,"Roses",02,3.179439,42.263214
171582,"Sant Climent Sescebes",02,2.981175,42.370072
171714,"Sant Llorenç de la Muga",02,2.790664,42.321475
171753,"Sant Miquel de Fluvià",02,2.992736,42.176444
171766,"Sant Mori",02,2.992133,42.155281
171788,"Sant Pere Pescador",02,3.082953,42.189025
171827,"Santa Llogaia d'Àlguema",02,2.953342,42.234300
171870,"Saus, Camallera i Llampaies",02,2.964917,42.124203
171886,"Selva de Mar, la",02,3.188111,42.325567
171962,"Terrades",02,2.840142,42.311200
171984,"Torroella de Fluvià",02,3.041772,42.175536
172109,"Ventalló",02,3.028031,42.150467
172142,"Vilabertran",02,2.982414,42.284067
172174,"Viladamat",02,3.076228,42.134542
172214,"Vilafant",02,2.938786,42.248028
172229,"Vilaür",02,2.957039,42.144239
172235,"Vilajuïga",02,3.095272,42.327256
172253,"Vilamacolum",02,3.056622,42.196244
172266,"Vilamalla",02,2.971225,42.218769
172272,"Vilamaniscle",02,3.068928,42.376581
172288,"Vilanant",02,2.890289,42.256097
172305,"Vila-sacra",02,3.018794,42.266503
172348,"Biure",02,2.896214,42.339181
080137,"Avinyonet del Penedès",03,1.779014,41.362358
080272,"Cabanyes, les",03,1.690417,41.372392
080581,"Castellet i la Gornal",03,1.593356,41.255458
080654,"Castellví de la Marca",03,1.619889,41.327386
080850,"Font-rubí",03,1.652142,41.414686
080919,"Gelida",03,1.864328,41.442053
080945,"Granada, la",03,1.720356,41.378572
081228,"Mediona",03,1.612483,41.479067
081458,"Olèrdola",03,1.723011,41.320939
081461,"Olesa de Bonesvalls",03,1.850597,41.354439
081542,"Pacs del Penedès",03,1.670956,41.363350
081640,"Pla del Penedès, el",03,1.713447,41.419000
081688,"Pontons",03,1.517789,41.416864
081748,"Puigdàlber",03,1.701583,41.405467
082068,"Sant Cugat Sesgarrigues",03,1.754242,41.365525
082227,"Sant Llorenç d'Hortons",03,1.825572,41.468983
082270,"Sant Martí Sarroca",03,1.612111,41.386442
082325,"Sant Pere de Riudebitlles",03,1.702489,41.454319
082362,"Sant Quintí de Mediona",03,1.664967,41.463753
082401,"Sant Sadurní d'Anoia",03,1.788461,41.425336
082495,"Santa Fe del Penedès",03,1.721775,41.386100
082515,"Santa Margarida i els Monjos",03,1.664894,41.322378
082732,"Subirats",03,1.798081,41.383881
082877,"Torrelavit",03,1.730111,41.448747
082883,"Torrelles de Foix",03,1.570731,41.389214
083041,"Vilobí del Penedès",03,1.662561,41.389725
083054,"Vilafranca del Penedès",03,1.701406,41.346547
250058,"Alàs i Cerc",04,1.509350,42.352728
250306,"Pont de Bar, el",04,1.606325,42.373308
250328,"Arsèguel",04,1.584050,42.351197
250447,"Bassella",04,1.295650,42.006317
250616,"Cabó",04,1.248722,42.239625
250714,"Cava",04,1.585578,42.326453
250772,"Coll de Nargó",04,1.317400,42.174911
250886,"Estamariu",04,1.524014,42.374531
251403,"Montferrer i Castellbò",04,1.429178,42.342200
251497,"Oliana",04,1.314447,42.069500
251556,"Organyà",04,1.329439,42.212011
251654,"Peramola",04,1.269094,42.059369
251850,"Ribera d'Urgellet",04,1.383781,42.313653
252038,"Seu d'Urgell, la",04,1.462769,42.358417
252398,"Valls de Valira, les",04,1.459417,42.383811
259062,"Valls d'Aguilar, les",04,1.343014,42.295061
259084,"Fígols i Alinyà",04,1.341767,42.203858
259097,"Vansa i Fórnols, la",04,1.483350,42.234639
259101,"Josa i Tuixén",04,1.568544,42.231906
250432,"Vall de Boí, la",05,0.801931,42.506589
251734,"Pont de Suert, el",05,0.742728,42.409983
252458,"Vilaller",05,0.718406,42.477489
080082,"Argençola",06,1.445797,41.599056
080214,"Bellprat",06,1.435392,41.518214
080253,"Bruc, el",06,1.781222,41.581856
080288,"Cabrera d'Anoia",06,1.704708,41.478792
080312,"Calaf",06,1.513928,41.733694
080364,"Calonge de Segarra",06,1.494772,41.741453
080446,"Capellades",06,1.686722,41.531358
080484,"Carme",06,1.621814,41.532689
080608,"Castellfollit de Riubregós",06,1.439494,41.777172
080636,"Castellolí",06,1.701483,41.599436
080713,"Copons",06,1.519394,41.637514
081022,"Igualada",06,1.618436,41.579339
081038,"Jorba",06,1.549092,41.602900
081043,"Llacuna, la",06,1.534353,41.473539
081192,"Masquefa",06,1.813581,41.502781
081332,"Montmaneu",06,1.417206,41.626486
081430,"Òdena",06,1.641911,41.607250
081521,"Orpí",06,1.608097,41.530128
081614,"Piera",06,1.749397,41.521544
081629,"Hostalets de Pierola, els",06,1.771914,41.534919
081653,"Pobla de Claramunt, la",06,1.678664,41.555178
081705,"Prats de Rei, els",06,1.542325,41.706689
081764,"Pujalt",06,1.421756,41.717481
081859,"Rubió",06,1.571353,41.645764
081897,"Sant Pere Sallavinera",06,1.575647,41.737467
082264,"Sant Martí de Tous",06,1.524758,41.561233
082286,"Sant Martí Sesgueioles",06,1.490264,41.702450
082508,"Santa Margarida de Montbui",06,1.609233,41.574950
082573,"Santa Maria de Miralles",06,1.527744,41.518994
082861,"Torre de Claramunt, la",06,1.660789,41.534617
082922,"Vallbona d'Anoia",06,1.708978,41.520100
082975,"Veciana",06,1.489431,41.657469
083020,"Vilanova del Camí",06,1.638056,41.572611
080023,"Aguilar de Segarra",07,1.632131,41.740044
080109,"Artés",07,1.955947,41.799069
080121,"Avinyó",07,1.971919,41.864492
080180,"Balsareny",07,1.875442,41.864228
080348,"Calders",07,1.987725,41.789733
080386,"Callús",07,1.785306,41.783475
080478,"Cardona",07,1.682664,41.914911
080538,"Castellbell i el Vilar",07,1.861636,41.630514
080594,"Castellfollit del Boix",07,1.685931,41.666928
080615,"Castellgalí",07,1.840181,41.675550
080620,"Castellnou de Bages",07,1.837928,41.835953
080790,"Estany, l'",07,2.112997,41.870486
080847,"Fonollosa",07,1.669864,41.764050
080902,"Gaià",07,1.926594,41.917639
080983,"Sant Salvador de Guardiola",07,1.767639,41.681008
081136,"Manresa",07,1.827286,41.728694
081271,"Monistrol de Montserrat",07,1.845364,41.611447
081287,"Monistrol de Calders",07,2.015789,41.761436
081385,"Moià",07,2.098094,41.812775
081398,"Mura",07,1.977344,41.700658
081402,"Navarcles",07,1.905161,41.752033
081419,"Navàs",07,1.880283,41.902183
081786,"Rajadell",07,1.707392,41.728811
081825,"Pont de Vilomara i Rocafort, el",07,1.871514,41.700767
081918,"Sallent",07,1.897256,41.825181
081923,"Santpedor",07,1.840456,41.785244
082129,"Sant Feliu Sasserra",07,2.023108,41.946311
082135,"Sant Fruitós de Bages",07,1.874428,41.752178
082188,"Sant Joan de Vilatorrada",07,1.806400,41.745142
082299,"Sant Mateu de Bages",07,1.733794,41.797869
082423,"Marganell",07,1.793431,41.641817
082589,"Santa Maria d'Oló",07,2.037572,41.874950
082628,"Sant Vicenç de Castellet",07,1.864528,41.668894
082747,"Súria",07,1.753275,41.834839
082779,"Talamanca",07,1.979425,41.737900
430038,"Albiol, l'",08,1.090947,41.252950
430075,"Aleixar, l'",08,1.047697,41.202461
430094,"Alforja",08,0.976458,41.211589
430115,"Almoster",08,1.114589,41.198622
430154,"Arbolí",08,0.949831,41.243094
430173,"Argentera, l'",08,0.910506,41.138356
430311,"Borges del Camp, les",08,1.021739,41.173422
430332,"Botarell",08,0.990672,41.136856
430385,"Cambrils",08,1.054458,41.074678
430398,"Capafonts",08,1.028467,41.296706
430424,"Castellvell del Camp",08,1.098086,41.181689
430458,"Colldejou",08,0.888789,41.100356
430537,"Duesaigües",08,0.931386,41.146839
430574,"Febró, la",08,1.005669,41.278633
430810,"Maspujols",08,1.047661,41.183547
430884,"Montbrió del Camp",08,1.004842,41.121342
430923,"Mont-roig del Camp",08,0.960594,41.088592
431166,"Prades",08,0.988933,41.310433
431188,"Pratdip",08,0.872481,41.052319
431233,"Reus",08,1.109264,41.155753
431270,"Riudecanyes",08,0.962558,41.130958
431286,"Riudecols",08,0.977153,41.169719
431299,"Riudoms",08,1.051947,41.139486
431457,"Selva del Camp, la",08,1.139731,41.216147
431628,"Vandellòs i l'Hospitalet de l'Infant",08,0.832172,41.020719
431671,"Vilanova d'Escornalbou",08,0.938078,41.113858
431690,"Vilaplana",08,1.034386,41.228806
431785,"Vinyols i els Arcs",08,1.040156,41.115417
430069,"Aldover",09,0.501197,40.880939
430081,"Alfara de Carles",09,0.401456,40.874906
430136,"Ametlla de Mar, l'",09,0.803658,40.885522
430252,"Benifallet",09,0.517844,40.975194
430521,"Xerta",09,0.491836,40.908883
431021,"Paüls",09,0.400442,40.923519
431042,"Perelló, el",09,0.713192,40.876108
431331,"Roquetes",09,0.504014,40.821781
431495,"Tivenys",09,0.513511,40.908678
431554,"Tortosa",09,0.523347,40.812064
439018,"Deltebre",09,0.723247,40.720931
439039,"Camarles",09,0.672597,40.773064
439044,"Aldea, l'",09,0.613478,40.744833
439060,"Ampolla, l'",09,0.710011,40.813444
170046,"Albons",10,3.081033,42.107969
170139,"Begur",10,3.208736,41.955375
170182,"Bellcaire d'Empordà",10,3.096111,42.080039
170221,"Bisbal d'Empordà, la",10,3.040422,41.959386
170340,"Calonge",10,3.076506,41.861647
170486,"Castell-Platja d'Aro",10,3.068206,41.818556
170558,"Colomers",10,2.988211,42.085483
170577,"Corçà",10,3.018108,41.989114
170681,"Foixà",10,2.997886,42.042478
170708,"Fontanilles",10,3.108083,42.011131
170767,"Garrigoles",10,3.032656,42.108894
170813,"Gualta",10,3.104792,42.029594
170852,"Jafre",10,3.011786,42.074225
171100,"Mont-ras",10,3.144078,41.907067
171175,"Palafrugell",10,3.165206,41.918294
171181,"Palamós",10,3.131300,41.850339
171215,"Palau-sator",10,3.111064,41.989961
171241,"Pals",10,3.149953,41.971003
171267,"Parlavà",10,3.030656,42.023244
171306,"Pera, la",10,2.975239,42.021986
171447,"Regencós",10,3.171328,41.953636
171539,"Rupià",10,3.011775,42.021536
171609,"Sant Feliu de Guíxols",10,3.029783,41.783986
171812,"Santa Cristina d'Aro",10,3.003300,41.817206
171910,"Serra de Daró",10,3.073686,42.028719
171959,"Tallada d'Empordà, la",10,3.055914,42.080742
171978,"Torrent",10,3.127889,41.951892
171997,"Torroella de Montgrí",10,3.127347,42.042272
172039,"Ultramort",10,3.035639,42.037744
172044,"Ullà",10,3.109058,42.051883
172057,"Ullastret",10,3.069731,42.001478
172095,"Vall-llobrega",10,3.127147,41.882317
172116,"Verges",10,3.047739,42.062958
172327,"Vilopriu",10,2.994558,42.106647
179011,"Cruïlles, Monells i Sant Sadurní de l'Heura",10,2.992761,41.957592
179026,"Forallac",10,3.056411,41.960731
080018,"Abrera",11,1.903100,41.518531
080207,"Begues",11,1.924708,41.332061
080569,"Castelldefels",11,1.976722,41.278869
080667,"Castellví de Rosanes",11,1.900481,41.450908
080689,"Cervelló",11,1.957811,41.397156
080692,"Collbató",11,1.830317,41.570033
080728,"Corbera de Llobregat",11,1.931494,41.416269
080734,"Cornellà de Llobregat",11,2.076583,41.363033
080765,"Esparreguera",11,1.870756,41.539303
080771,"Esplugues de Llobregat",11,2.085956,41.375869
080898,"Gavà",11,2.003933,41.306403
081141,"Martorell",11,1.931731,41.474819
081234,"Molins de Rei",11,2.018564,41.413858
081477,"Olesa de Montserrat",11,1.894633,41.544281
081574,"Pallejà",11,1.997742,41.423442
081580,"Papiol, el",11,2.010639,41.438578
081691,"Prat de Llobregat, el",11,2.096281,41.329753
081960,"Sant Andreu de la Barca",11,1.976461,41.448203
082009,"Sant Boi de Llobregat",11,2.041806,41.345139
082042,"Sant Climent de Llobregat",11,1.998500,41.337419
082080,"Sant Esteve Sesrovires",11,1.874447,41.494267
082114,"Sant Feliu de Llobregat",11,2.047383,41.383078
082172,"Sant Joan Despí",11,2.058003,41.367386
082212,"Sant Just Desvern",11,2.078317,41.381611
082444,"Santa Coloma de Cervelló",11,2.015967,41.368836
082634,"Sant Vicenç dels Horts",11,2.010867,41.394461
082896,"Torrelles de Llobregat",11,1.982150,41.358200
082956,"Vallirana",11,1.932186,41.387047
083015,"Viladecans",11,2.020631,41.317578
089058,"Palma de Cervelló, la",11,1.968800,41.414044
430022,"Albinyana",12,1.489117,41.246933
430167,"Arboç, l'",12,1.604422,41.268203
430206,"Banyeres del Penedès",12,1.582353,41.281219
430249,"Bellvei",12,1.578733,41.241769
430287,"Bisbal del Penedès, la",12,1.488914,41.281606
430304,"Bonastre",12,1.441083,41.221747
430379,"Calafell",12,1.570061,41.201578
430516,"Cunit",12,1.636000,41.199225
430748,"Llorenç del Penedès",12,1.553311,41.285136
430799,"Masllorenç",12,1.415756,41.270264
430901,"Montmell, el",12,1.454353,41.316725
431378,"Sant Jaume dels Domenys",12,1.560433,41.300764
431401,"Santa Oliva",12,1.551894,41.254719
431634,"Vendrell, el",12,1.536203,41.222544
080155,"Badalona",13,2.246039,41.448142
080193,"Barcelona",13,2.178389,41.383531
081017,"Hospitalet de Llobregat, l'",13,2.103250,41.361739
081944,"Sant Adrià de Besòs",13,2.228225,41.426875
082457,"Santa Coloma de Gramenet",13,2.211275,41.453089
080116,"Avià",14,1.826408,42.077572
080168,"Bagà",14,1.863767,42.253953
080229,"Berga",14,1.846964,42.102728
080240,"Borredà",14,1.995822,42.137233
080459,"Capolat",14,1.754483,42.079308
080497,"Casserres",14,1.843392,42.014378
080500,"Castellar del Riu",14,1.710047,42.132314
080522,"Castellar de n'Hug",14,2.017525,42.284361
080575,"Castell de l'Areny",14,1.947067,42.173956
080787,"Espunyola, l'",14,1.771028,42.053911
080804,"Fígols",14,1.837931,42.182106
080924,"Gironella",14,1.883739,42.035175
080930,"Gisclareny",14,1.787631,42.251136
080996,"Guardiola de Berguedà",14,1.880644,42.233881
081304,"Montclar",14,1.765133,42.019433
081326,"Montmajor",14,1.736008,42.018522
081424,"Nou de Berguedà, la",14,1.886267,42.166986
081445,"Olvan",14,1.906303,42.057900
081666,"Pobla de Lillet, la",14,1.976436,42.245431
081751,"Puig-reig",14,1.880531,41.973514
081770,"Quar, la",14,1.981667,42.106181
081884,"Sagàs",14,1.963658,42.051831
081901,"Saldes",14,1.738194,42.230700
082166,"Sant Jaume de Frontanyà",14,2.025883,42.188142
082554,"Santa Maria de Merlès",14,1.979094,42.001039
082687,"Cercs",14,1.862108,42.147189
082938,"Vallcebre",14,1.819586,42.204819
082994,"Vilada",14,1.932886,42.138133
083089,"Viver i Serrateix",14,1.776597,41.946283
089030,"Sant Julià de Cerdanyola",14,1.894081,42.224942
251001,"Gósol",14,1.662642,42.237544
170062,"Alp",15,1.888678,42.374594
170242,"Bolvir",15,1.882414,42.419561
170617,"Das",15,1.871281,42.362717
170694,"Fontanals de Cerdanya",15,1.900711,42.385967
170789,"Ger",15,1.845783,42.412219
170828,"Guils de Cerdanya",15,1.879750,42.449703
170849,"Isòvol",15,1.839350,42.398644
170947,"Llívia",15,1.981336,42.465511
170998,"Meranges",15,1.788606,42.446975
171411,"Puigcerdà",15,1.928356,42.433958
172060,"Urús",15,1.853264,42.351731
250518,"Bellver de Cerdanya",15,1.777297,42.371883
251272,"Lles de Cerdanya",15,1.688233,42.391386
251399,"Montellà i Martinet",15,1.696439,42.361761
251752,"Prats i Sansor",15,1.838117,42.366022
251790,"Prullans",15,1.737356,42.380231
259139,"Riu de Cerdanya",15,1.827439,42.346650
430213,"Barberà de la Conca",16,1.229567,41.411886
430290,"Blancafort",16,1.160611,41.438950
430461,"Conesa",16,1.292864,41.518897
430542,"Espluga de Francolí, l'",16,1.103483,41.397042
430614,"Forès",16,1.239575,41.495353
430733,"Llorac",16,1.308331,41.557631
430862,"Montblanc",16,1.163869,41.376406
431016,"Passanant i Belltall",16,1.198103,41.532989
431055,"Piles, les",16,1.103483,41.397042
431074,"Pira",16,1.203803,41.424322
431303,"Rocafort de Queralt",16,1.283142,41.478672
431397,"Santa Coloma de Queralt",16,1.384475,41.533506
431418,"Pontils",16,1.389128,41.478856
431423,"Sarral",16,1.249297,41.445739
431439,"Savallà del Comtat",16,1.301183,41.544464
431460,"Senan",16,1.088453,41.471097
431476,"Solivella",16,1.179561,41.456817
431589,"Vallclara",16,0.983253,41.378336
431592,"Vallfogona de Riucorb",16,1.237406,41.564219
431687,"Vilanova de Prades",16,0.958753,41.349306
431726,"Vilaverd",16,1.178750,41.335886
431763,"Vimbodí i Poblet",16,1.051317,41.401575
080431,"Canyelles",17,1.723247,41.287497
080749,"Cubelles",17,1.673781,41.209233
081483,"Olivella",17,1.812119,41.310978
082310,"Sant Pere de Ribes",17,1.773669,41.262969
082704,"Sitges",17,1.811969,41.237575
083073,"Vilanova i la Geltrú",17,1.726450,41.224131
250061,"Albagés, l'",18,0.740428,41.449925
250096,"Albi, l'",18,0.938758,41.424156
250292,"Arbeca",18,0.926303,41.542817
250560,"Bovera",18,0.640114,41.327675
250582,"Borges Blanques, les",18,0.870353,41.521756
250674,"Castelldans",18,0.767156,41.499533
250735,"Cervià de les Garrigues",18,0.861806,41.426353
250766,"Cogul, el",18,0.690714,41.467850
250812,"Espluga Calba, l'",18,1.005961,41.496042
250925,"Floresta, la",18,0.921028,41.510975
250978,"Fulleda",18,1.025494,41.464181
251018,"Granadella, la",18,0.666572,41.356361
251057,"Granyena de les Garrigues",18,0.650622,41.434167
251180,"Juncosa",18,0.776611,41.371825
251193,"Juneda",18,0.826114,41.554475
251538,"Omellons, els",18,0.961422,41.502917
251692,"Pobla de Cérvoles, la",18,0.916611,41.368367
251706,"Bellaguarda",18,0.737111,41.338631
251804,"Puiggròs",18,0.890053,41.551614
252069,"Soleràs, el",18,0.683033,41.414558
252189,"Tarrés",18,1.021328,41.424031
252249,"Torms, els",18,0.721400,41.395061
252537,"Vilosell, el",18,0.948369,41.384922
252555,"Vinaixa",18,0.976283,41.429550
170101,"Argelaguer",19,2.643819,42.214619
170195,"Besalú",19,2.699914,42.201719
170216,"Beuda",19,2.710950,42.238222
170464,"Castellfollit de la Roca",19,2.550794,42.220597
170985,"Maià de Montcal",19,2.744944,42.223444
171058,"Mieres",19,2.640686,42.126350
171096,"Montagut i Oix",19,2.597678,42.231128
171143,"Olot",19,2.489306,42.183189
171334,"Planes d'Hostoles, les",19,2.537753,42.056633
171390,"Preses, les",19,2.461481,42.144336
171498,"Riudaura",19,2.408722,42.189556
171544,"Sales de Llierca",19,2.650967,42.236931
171616,"Sant Feliu de Pallerols",19,2.508897,42.076778
171621,"Sant Ferriol",19,2.715453,42.199283
171655,"Sant Jaume de Llierca",19,2.608392,42.213603
171833,"Sant Aniol de Finestres",19,2.615550,42.071556
171848,"Santa Pau",19,2.572203,42.145253
171851,"Sant Joan les Fonts",19,2.513892,42.214142
172001,"Tortellà",19,2.631286,42.234617
172076,"Vall d'en Bas, la",19,2.460306,42.119022
172082,"Vall de Bianya, la",19,2.453639,42.212069
170025,"Aiguaviva",20,2.764175,41.938886
170209,"Bescanó",20,2.740542,41.966531
170255,"Bordils",20,2.913308,42.044697
170388,"Campllong",20,2.831842,41.894875
170405,"Canet d'Adri",20,2.738447,42.035650
170448,"Cassà de la Selva",20,2.877358,41.888403
170499,"Celrà",20,2.879814,42.025978
170502,"Cervià de Ter",20,2.911764,42.068336
170675,"Flaçà",20,2.955592,42.049675
170736,"Fornells de la Selva",20,2.813039,41.935375
170792,"Girona",20,2.821044,41.983797
170871,"Juià",20,2.908211,42.018350
170890,"Llagostera",20,2.893431,41.828297
170904,"Llambilles",20,2.860411,41.922158
170979,"Madremanya",20,2.958653,41.991358
171426,"Quart",20,2.841978,41.939469
171557,"Salt",20,2.788181,41.975411
171576,"Sant Andreu Salou",20,2.826775,41.874150
171637,"Sant Gregori",20,2.757306,41.991525
171668,"Sant Jordi Desvalls",20,2.954669,42.072414
171680,"Sant Joan de Mollet",20,2.943211,42.046517
171693,"Sant Julià de Ramis",20,2.866611,42.048569
171729,"Sant Martí de Llémena",20,2.649042,42.037214
171735,"Sant Martí Vell",20,2.931758,42.021067
171864,"Sarrià de Ter",20,2.826083,42.017353
172155,"Vilablareix",20,2.774206,41.957875
172168,"Viladasens",20,2.931678,42.096269
080039,"Alella",21,2.295900,41.494514
080060,"Arenys de Mar",21,2.550386,41.581122
080076,"Arenys de Munt",21,2.540306,41.612067
080095,"Argentona",21,2.402608,41.555042
080291,"Cabrera de Mar",21,2.395558,41.526783
080305,"Cabrils",21,2.369242,41.527589
080327,"Caldes d'Estrac",21,2.528769,41.571264
080351,"Calella",21,2.664103,41.616250
080403,"Canet de Mar",21,2.582678,41.590467
080752,"Dosrius",21,2.408275,41.596592
081108,"Malgrat de Mar",21,2.742797,41.644861
081189,"Masnou, el",21,2.317928,41.480944
081213,"Mataró",21,2.445308,41.541194
081265,"Montgat",21,2.282078,41.470333
081537,"Òrrius",21,2.355889,41.556778
081555,"Palafolls",21,2.750547,41.668361
081635,"Pineda de Mar",21,2.691011,41.626586
081727,"Premià de Mar",21,2.359833,41.491103
081939,"Sant Iscle de Vallalta",21,2.570361,41.623944
081976,"Sant Andreu de Llavaneres",21,2.482700,41.572722
082037,"Sant Cebrià de Vallalta",21,2.600547,41.620586
082140,"Vilassar de Dalt",21,2.360622,41.518111
082191,"Vilassar de Mar",21,2.392806,41.504603
082303,"Premià de Dalt",21,2.345772,41.507453
082359,"Sant Pol de Mar",21,2.624347,41.602572
082613,"Santa Susanna",21,2.708039,41.636069
082649,"Sant Vicenç de Montalt",21,2.508592,41.579608
082819,"Teià",21,2.324147,41.497897
082824,"Tiana",21,2.269764,41.484667
082845,"Tordera",21,2.719897,41.700139
430043,"Alcanar",22,0.482436,40.545242
430141,"Amposta",22,0.580992,40.709931
430445,"Sénia, la",22,0.282764,40.635964
430629,"Freginals",22,0.521425,40.672411
430635,"Galera, la",22,0.463664,40.682642
430688,"Godall",22,0.470283,40.656214
430770,"Mas de Barberans",22,0.373161,40.735108
430786,"Masdenverge",22,0.532200,40.717003
431362,"Sant Carles de la Ràpita",22,0.592494,40.620547
431384,"Santa Bàrbara",22,0.497900,40.716264
431567,"Ulldecona",22,0.447664,40.598069
439023,"Sant Jaume d'Enveja",22,0.718992,40.706886
250024,"Àger",23,0.762617,42.002881
250083,"Albesa",23,0.661867,41.753211
250156,"Algerri",23,0.639686,41.816925
250220,"Alòs de Balaguer",23,0.962203,41.912947
250349,"Artesa de Segre",23,1.048997,41.896433
250352,"Sentiu de Sió, la",23,0.880231,41.805633
250371,"Avellanes i Santa Linya, les",23,0.765919,41.908383
250404,"Balaguer",23,0.807586,41.791661
250426,"Baronia de Rialb, la",23,1.197128,41.933303
250479,"Bellcaire d'Urgell",23,0.905778,41.760394
250498,"Bellmunt d'Urgell",23,0.953428,41.774989
250609,"Cabanabona",23,1.216281,41.851872
250621,"Camarasa",23,0.878831,41.875403
250693,"Castelló de Farfanya",23,0.729256,41.820308
250791,"Cubells",23,0.959975,41.853008
250946,"Foradada",23,1.014000,41.878272
251121,"Ivars de Noguera",23,0.587839,41.851194
251348,"Menàrguens",23,0.745319,41.731239
251386,"Montgai",23,0.962828,41.801050
251500,"Oliola",23,1.175817,41.876903
251569,"Os de Balaguer",23,0.720200,41.871911
251641,"Penelles",23,0.966578,41.758561
251728,"Ponts",23,1.187069,41.915808
251771,"Preixens",23,1.052072,41.795167
252206,"Térmens",23,0.761686,41.718728
252228,"Tiurana",23,1.255986,41.977081
252311,"Torrelameu",23,0.703244,41.705864
252402,"Vallfogona de Balaguer",23,0.815814,41.753092
252496,"Vilanova de l'Aguda",23,1.254083,41.912344
252509,"Vilanova de Meià",23,1.023639,41.995514
080044,"Alpens",24,2.102244,42.119842
080174,"Balenyà",24,2.236433,41.815625
080266,"Brull, el",24,2.307081,41.817953
080370,"Calldetenes",24,2.285572,41.926639
080673,"Centelles",24,2.221708,41.798800
080706,"Collsuspina",24,2.176081,41.827014
080832,"Folgueroles",24,2.314581,41.942153
081000,"Gurb",24,2.233811,41.956836
081094,"Lluçà",24,2.074422,42.069186
081115,"Malla",24,2.235800,41.888150
081120,"Manlleu",24,2.283544,42.001000
081167,"Masies de Roda, les",24,2.318506,41.991594
081173,"Masies de Voltregà, les",24,2.236031,42.023497
081290,"Muntanyola",24,2.179767,41.879647
081311,"Montesquiu",24,2.210664,42.110425
081496,"Olost",24,2.096897,41.986914
081509,"Orís",24,2.240433,42.059328
081516,"Oristà",24,2.061942,41.933992
081607,"Perafita",24,2.108819,42.042575
081712,"Prats de Lluçanès",24,2.030875,42.010081
081831,"Roda de Ter",24,2.310639,41.983200
081957,"Sant Agustí de Lluçanès",24,2.128278,42.086225
081995,"Sant Bartomeu del Grau",24,2.174464,41.961081
082016,"Sant Boi de Lluçanès",24,2.152411,42.058928
082153,"Sant Hipòlit de Voltregà",24,2.237356,42.016653
082205,"Sant Julià de Vilatorta",24,2.325639,41.923989
082248,"Sant Martí de Centelles",24,2.251739,41.764667
082251,"Sant Martí d'Albars",24,2.075306,42.029072
082331,"Sant Pere de Torelló",24,2.296442,42.076561
082378,"Sant Quirze de Besora",24,2.222503,42.101664
082418,"Sant Sadurní d'Osormort",24,2.382536,41.902964
082439,"Santa Cecília de Voltregà",24,2.223453,41.993928
082460,"Santa Eugènia de Berga",24,2.284297,41.901467
082476,"Santa Eulàlia de Riuprimer",24,2.189758,41.911997
082536,"Santa Maria de Besora",24,2.258831,42.128822
082541,"Esquirol, l'",24,2.369392,42.036611
082652,"Sant Vicenç de Torelló",24,2.274881,42.065350
082690,"Seva",24,2.285286,41.839797
082711,"Sobremunt",24,2.166450,42.036964
082726,"Sora",24,2.161019,42.113703
082750,"Tavèrnoles",24,2.327783,41.952894
082785,"Taradell",24,2.287736,41.873056
082802,"Tavertet",24,2.419650,41.996656
082830,"Tona",24,2.229281,41.849881
082858,"Torelló",24,2.265219,42.049142
082981,"Vic",24,2.255908,41.930450
083036,"Vilanova de Sau",24,2.385972,41.948222
089019,"Rupit i Pruit",24,2.466861,42.025189
170638,"Espinelves",24,2.418303,41.869881
172121,"Vidrà",24,2.311644,42.123947
172207,"Viladrau",24,2.391092,41.848800
250019,"Abella de la Conca",25,1.092892,42.162392
250984,"Gavet de la Conca",25,0.921653,42.124294
251155,"Isona i Conca Dellà",25,1.047617,42.119303
251288,"Llimiana",25,0.917789,42.076044
251615,"Conca de Dalt",25,0.973131,42.245442
251713,"Pobla de Segur, la",25,0.969372,42.249200
251902,"Salàs de Pallars",25,0.932656,42.213650
251961,"Sant Esteve de la Sarga",25,0.764706,42.081044
252017,"Sarroca de Bellera",25,0.882303,42.360869
252022,"Senterada",25,0.938700,42.325650
252154,"Talarn",25,0.901136,42.186961
252271,"Torre de Cabdella, la",25,0.983522,42.423028
252347,"Tremp",25,0.896317,42.167961
259046,"Castell de Mur",25,0.878533,42.093336
250175,"Alins",26,1.319847,42.549800
250241,"Alt Àneu",26,1.111158,42.634572
250390,"Baix Pallars",26,1.065547,42.324708
250827,"Espot",26,1.088197,42.577911
250864,"Esterri d'Àneu",26,1.124425,42.629389
250870,"Esterri de Cardós",26,1.263228,42.593306
250899,"Farrera",26,1.274486,42.505450
251235,"Lladorre",26,1.251164,42.621489
251266,"Llavorsí",26,1.211444,42.496828
251832,"Rialp",26,1.135403,42.445186
252081,"Soriguera",26,1.162656,42.380917
252094,"Sort",26,1.131208,42.412475
252213,"Tírvia",26,1.244061,42.516244
259010,"Vall de Cardós",26,1.226861,42.564833
259031,"Guingueta d'Àneu, la",26,1.133397,42.594414
250411,"Barbens",27,1.018036,41.679081
250485,"Bell-lloc d'Urgell",27,0.781489,41.632203
250523,"Bellvís",27,0.819681,41.674361
250680,"Castellnou de Seana",27,0.971831,41.649003
250931,"Fondarella",27,0.874706,41.635764
250997,"Golmés",27,0.932044,41.635236
251137,"Ivars d'Urgell",27,0.987594,41.682603
251229,"Linyola",27,0.905561,41.711533
251351,"Miralcamp",27,0.881392,41.605717
251370,"Mollerussa",27,0.896169,41.630981
251581,"Palau d'Anglesola, el",27,0.883486,41.651689
251689,"Poal, el",27,0.857331,41.680022
252056,"Sidamon",27,0.833164,41.630486
252304,"Torregrossa",27,0.830025,41.580892
252483,"Vilanova de Bellpuig",27,0.965100,41.614886
252521,"Vila-sana",27,0.930239,41.663572
170157,"Banyoles",28,2.766533,42.118569
170353,"Camós",28,2.765419,42.096050
170561,"Cornellà del Terri",28,2.817722,42.090742
170583,"Crespià",28,2.800183,42.188881
170656,"Esponellà",28,2.797189,42.179192
170715,"Fontcoberta",28,2.791250,42.143833
171236,"Palol de Revardit",28,2.797231,42.071119
171371,"Porqueres",28,2.779197,42.105408
171740,"Sant Miquel de Campmajor",28,2.679953,42.136822
171903,"Serinyà",28,2.745703,42.170131
172180,"Vilademuls",28,2.889883,42.139692
430234,"Bellmunt del Priorat",29,0.767525,41.165169
430271,"Bisbal de Falset, la",29,0.724175,41.281183
430350,"Cabacés",29,0.734856,41.248519
430402,"Capçanes",29,0.782492,41.101286
430496,"Cornudella de Montsant",29,0.906136,41.266175
430555,"Falset",29,0.821489,41.146164
430580,"Figuera, la",29,0.732367,41.216947
430691,"Gratallops",29,0.778164,41.194197
430705,"Guiamets, els",29,0.754153,41.102989
430727,"Lloar, el",29,0.751578,41.187153
430751,"Margalef",29,0.755364,41.285625
430764,"Marçà",29,0.803633,41.127811
430825,"Masroig, el",29,0.733669,41.127356
430859,"Molar, el",29,0.707347,41.164889
430960,"Morera de Montsant, la",29,0.843161,41.266364
431129,"Poboleda",29,0.846867,41.235358
431140,"Porrera",29,0.857317,41.189394
431153,"Pradell de la Teixeta",29,0.876833,41.157331
431515,"Torre de Fontaubella, la",29,0.865656,41.125375
431541,"Torroja del Priorat",29,0.812681,41.213997
431573,"Ulldemolins",29,0.877739,41.322847
431732,"Vilella Alta, la",29,0.781544,41.226461
431747,"Vilella Baixa, la",29,0.763808,41.221842
430192,"Ascó",30,0.569097,41.180967
430265,"Benissanet",30,0.636100,41.058069
430607,"Flix",30,0.551111,41.231697
430653,"Garcia",30,0.651403,41.137867
430672,"Ginestar",30,0.634856,41.042956
430846,"Miravet",30,0.598706,41.039281
430939,"Móra d'Ebre",30,0.642894,41.092658
430944,"Móra la Nova",30,0.650981,41.099581
430995,"Palma d'Ebre, la",30,0.667075,41.283642
431212,"Rasquera",30,0.600014,41.003281
431251,"Riba-roja d'Ebre",30,0.488911,41.251522
431508,"Tivissa",30,0.734189,41.042928
431520,"Torre de l'Espanyol, la",30,0.626786,41.192753
431779,"Vinebre",30,0.590397,41.185242
170366,"Campdevànol",31,2.169383,42.225222
170372,"Campelles",31,2.141158,42.296161
170391,"Camprodon",31,2.366597,42.314964
170433,"Queralbs",31,2.163194,42.349683
170806,"Gombrèn",31,2.092100,42.248953
170911,"Llanars",31,2.345289,42.322050
170963,"Llosses, les",31,2.118308,42.151217
171077,"Molló",31,2.406017,42.348722
171122,"Ogassa",31,2.278567,42.266939
171254,"Pardines",31,2.215250,42.312903
171349,"Planoles",31,2.105683,42.317053
171450,"Ribes de Freser",31,2.171319,42.308767
171479,"Ripoll",31,2.192731,42.199722
171674,"Sant Joan de les Abadesses",31,2.286800,42.235469
171707,"Vallfogona de Ripollès",31,2.303578,42.197747
171772,"Sant Pau de Segúries",31,2.366814,42.262956
171925,"Setcases",31,2.302519,42.376058
172018,"Toses",31,2.016711,42.322631
172240,"Vilallonga de Ter",31,2.313019,42.332217
250557,"Biosca",32,1.359256,41.842747
250729,"Cervera",32,1.273239,41.670817
250851,"Estaràs",32,1.379586,41.693081
251039,"Granyanella",32,1.228856,41.666403
251044,"Granyena de Segarra",32,1.247156,41.624939
251109,"Guissona",32,1.289997,41.786347
251142,"Ivorra",32,1.396836,41.772578
251327,"Massoteres",32,1.311944,41.798381
251410,"Montoliu de Segarra",32,1.270383,41.591200
251431,"Montornès de Segarra",32,1.231875,41.602189
251522,"Oluges, les",32,1.321772,41.698328
251919,"Sanaüja",32,1.312281,41.877189
251924,"Sant Guim de Freixenet",32,1.421931,41.656742
251945,"Sant Ramon",32,1.362808,41.726842
251977,"Sant Guim de la Plana",32,1.325772,41.764133
252167,"Talavera",32,1.339144,41.583522
252192,"Tarroja de Segarra",32,1.277008,41.732117
252234,"Torà",32,1.404864,41.812767
259059,"Ribera d'Ondara",32,1.343083,41.628839
259078,"Torrefeta i Florejacs",32,1.275192,41.755056
259118,"Plans de Sió, els",32,1.198592,41.763111
250045,"Alamús, els",33,0.740606,41.616994
250077,"Albatàrrec",33,0.606572,41.574206
250100,"Alcanó",33,0.618947,41.482147
250117,"Alcarràs",33,0.526267,41.565075
250122,"Alcoletge",33,0.695378,41.648519
250138,"Alfarràs",33,0.570856,41.831114
250143,"Alfés",33,0.621386,41.521825
250169,"Alguaire",33,0.585772,41.737903
250194,"Almacelles",33,0.440528,41.731831
250208,"Almatret",33,0.425278,41.306856
250215,"Almenar",33,0.569078,41.797892
250236,"Alpicat",33,0.556278,41.667483
250334,"Artesa de Lleida",33,0.704131,41.554131
250365,"Aspa",33,0.673514,41.496775
250387,"Aitona",33,0.459147,41.495389
250539,"Benavent de Segrià",33,0.634472,41.696814
250788,"Corbins",33,0.696528,41.691997
251023,"Granja d'Escarp, la",33,0.353806,41.420061
251207,"Lleida",33,0.625911,41.619186
251253,"Llardecans",33,0.551108,41.375350
251312,"Massalcoreig",33,0.360550,41.460294
251333,"Maials",33,0.505467,41.365136
251425,"Montoliu de Lleida",33,0.590881,41.560817
251749,"Portella, la",33,0.641892,41.740419
251826,"Puigverd de Lleida",33,0.734728,41.544831
251898,"Rosselló",33,0.596103,41.694667
252000,"Sarroca de Lleida",33,0.562881,41.460258
252043,"Seròs",33,0.411858,41.464614
252108,"Soses",33,0.487886,41.534297
252115,"Sudanell",33,0.568217,41.557639
252120,"Sunyer",33,0.593747,41.523953
252265,"Torrebesses",33,0.595222,41.427392
252287,"Torrefarrera",33,0.608275,41.674208
252326,"Torres de Segre",33,0.515706,41.535575
252332,"Torre-serona",33,0.632031,41.673347
252516,"Vilanova de Segrià",33,0.619750,41.713172
252542,"Vilanova de la Barca",33,0.728725,41.690386
259123,"Gimenells i el Pla de la Font",33,0.391117,41.653044
080826,"Fogars de la Selva",34,2.672364,41.736453
170078,"Amer",34,2.603894,42.011622
170084,"Anglès",34,2.638919,41.957925
170097,"Arbúcies",34,2.516906,41.816975
170237,"Blanes",34,2.791567,41.676169
170274,"Breda",34,2.560108,41.749597
170280,"Brunyola",34,2.685631,41.905600
170335,"Caldes de Malavella",34,2.810611,41.838775
170834,"Hostalric",34,2.637697,41.746861
170950,"Lloret de Mar",34,2.849772,41.701706
171019,"Massanes",34,2.652622,41.767028
171030,"Maçanet de la Selva",34,2.733478,41.778728
171169,"Osor",34,2.556944,41.946831
171463,"Riells i Viabrea",34,2.558764,41.726400
171485,"Riudarenes",34,2.717642,41.823047
171501,"Riudellots de la Selva",34,2.806528,41.894833
171595,"Sant Feliu de Buixalleu",34,2.587519,41.792400
171642,"Sant Hilari Sacalm",34,2.512828,41.878653
171805,"Santa Coloma de Farners",34,2.664147,41.863883
171899,"Cellera de Ter, la",34,2.621647,41.970928
171931,"Sils",34,2.744792,41.808700
171946,"Susqueda",34,2.548017,42.015244
172023,"Tossa de Mar",34,2.932078,41.719797
172137,"Vidreres",34,2.779464,41.790533
172333,"Vilobí d'Onyar",34,2.743264,41.889306
179032,"Sant Julià del Llor i Bonmatí",34,2.671064,41.969297
250642,"Castellar de la Ribera",35,1.416822,42.023228
250753,"Clariana de Cardener",35,1.627383,41.934300
251116,"Guixers",35,1.667867,42.133136
251240,"Lladurs",35,1.507786,42.045836
251291,"Llobera",35,1.474086,41.951953
251364,"Molsosa, la",35,1.542192,41.784394
251462,"Navès",35,1.640631,41.992097
251484,"Odèn",35,1.388278,42.134728
251517,"Olius",35,1.557697,41.977442
251636,"Coma i la Pedra, la",35,1.590969,42.177022
251667,"Pinell de Solsonès",35,1.419933,41.951267
251673,"Pinós",35,1.543264,41.827892
251863,"Riner",35,1.526150,41.915611
251930,"Sant Llorenç de Morunys",35,1.591839,42.137858
252075,"Solsona",35,1.521003,41.996922
430120,"Altafulla",36,1.377131,41.142500
439076,"Canonja, la",36,1.179803,41.124671
430430,"Catllar, el",36,1.327125,41.176239
430477,"Constantí",36,1.213864,41.154719
430509,"Creixell",36,1.442339,41.168847
430957,"Morell, el",36,1.209908,41.193244
430976,"Nou de Gaià, la",36,1.376092,41.184594
431009,"Pallaresos, els",36,1.271083,41.176761
431037,"Perafort",36,1.256675,41.191856
431093,"Pobla de Mafumet, la",36,1.211761,41.188239
431114,"Pobla de Montornès, la",36,1.415864,41.179294
431227,"Renau",36,1.313031,41.226022
431264,"Riera de Gaià, la",36,1.361925,41.167056
431310,"Roda de Berà",36,1.455928,41.186594
431359,"Salomó",36,1.375547,41.230750
431444,"Secuita, la",36,1.281364,41.205286
431482,"Tarragona",36,1.252094,41.117478
431536,"Torredembarra",36,1.399697,41.145519
431649,"Vespella de Gaià",36,1.363847,41.196572
431665,"Vilallonga del Camp",36,1.207094,41.212503
431711,"Vila-seca",36,1.146861,41.111328
439057,"Salou",36,1.134128,41.077347
430189,"Arnes",37,0.261722,40.911300
430228,"Batea",37,0.312422,41.095328
430326,"Bot",37,0.386042,41.010108
430419,"Caseres",37,0.252511,41.040325
430483,"Corbera d'Ebre",37,0.477086,41.077886
430568,"Fatarella, la",37,0.475008,41.163181
430640,"Gandesa",37,0.439906,41.054550
430712,"Horta de Sant Joan",37,0.316608,40.955822
431068,"Pinell de Brai, el",37,0.515697,41.016581
431107,"Pobla de Massaluca, la",37,0.355061,41.182325
431172,"Prat de Comte",37,0.407269,40.984244
431750,"Vilalba dels Arcs",37,0.411103,41.121456
250030,"Agramunt",38,1.099819,41.788086
250273,"Anglesola",38,1.084711,41.658822
250463,"Belianes",38,1.018031,41.561772
250501,"Bellpuig",38,1.013358,41.626089
250707,"Castellserà",38,0.989169,41.747703
250740,"Ciutadilla",38,1.141533,41.562033
250962,"Fuliola, la",38,1.019347,41.714678
251095,"Guimerà",38,1.186700,41.565683
251305,"Maldà",38,1.039608,41.552011
251459,"Nalec",38,1.116383,41.560950
251543,"Omells de na Gaia, els",38,1.077075,41.501531
251575,"Ossó de Sió",38,1.160611,41.755753
251765,"Preixana",38,1.040325,41.607636
251811,"Puigverd d'Agramunt",38,1.123550,41.779019
252173,"Tàrrega",38,1.141725,41.649400
252252,"Tornabous",38,1.055775,41.702467
252385,"Vallbona de les Monges",38,1.090722,41.526303
252424,"Verdú",38,1.144597,41.612069
252445,"Vilagrassa",38,1.106900,41.649508
259025,"Sant Martí de Riucorb",38,1.056122,41.561072
250254,"Naut Aran",39,0.902878,42.708389
250313,"Arres",39,0.712486,42.756069
250450,"Bausen",39,0.717494,42.835861
250576,"Bòrdes, Es",39,0.721056,42.738908
250595,"Bossòst",39,0.693628,42.786758
250637,"Canejan",39,0.739694,42.839453
251214,"Les",39,0.713194,42.811464
252430,"Vielha e Mijaran",39,0.796217,42.703461
252477,"Vilamòs",39,0.727722,42.748719
080517,"Castellar del Vallès",40,2.087986,41.616861
080543,"Castellbisbal",40,1.982383,41.475997
080879,"Gallifa",40,2.115589,41.693492
081206,"Matadepera",40,2.026925,41.601356
081252,"Montcada i Reixac",40,2.187872,41.486369
081568,"Palau-solità i Plegamans",40,2.180953,41.587658
081672,"Polinyà",40,2.158494,41.557161
081799,"Rellinars",40,1.912389,41.638564
081803,"Ripollet",40,2.157617,41.500122
081846,"Rubí",40,2.032506,41.492644
081878,"Sabadell",40,2.110556,41.546594
082055,"Sant Cugat del Vallès",40,2.083458,41.472814
082233,"Sant Llorenç Savall",40,2.060303,41.679236
082384,"Sant Quirze del Vallès",40,2.082153,41.533961
082520,"Barberà del Vallès",40,2.124522,41.515619
082606,"Santa Perpètua de Mogoda",40,2.182028,41.536731
082665,"Cerdanyola del Vallès",40,2.138864,41.491272
082671,"Sentmenat",40,2.137114,41.608522
082798,"Terrassa",40,2.015311,41.565725
082900,"Ullastrell",40,1.956889,41.527919
082917,"Vacarisses",40,1.918886,41.608317
083008,"Viladecavalls",40,1.955825,41.556931
089045,"Badia del Vallès",40,2.116883,41.509714
080057,"Ametlla del Vallès, l'",41,2.263278,41.668675
080142,"Aiguafreda",41,2.251903,41.769153
080235,"Bigues i Riells",41,2.223744,41.677908
080333,"Caldes de Montbui",41,2.167533,41.632156
080399,"Campins",41,2.465053,41.725642
080410,"Canovelles",41,2.284628,41.619417
080425,"Cànoves i Samalús",41,2.354089,41.695033
080462,"Cardedeu",41,2.359517,41.639853
080556,"Castellcir",41,2.149831,41.761256
080641,"Castellterçol",41,2.121011,41.752400
080811,"Fogars de Montclús",41,2.444533,41.727931
080863,"Franqueses del Vallès, les",41,2.297839,41.618597
080885,"Garriga, la",41,2.286303,41.685256
080958,"Granera",41,2.059469,41.729928
080961,"Granollers",41,2.287156,41.607947
080977,"Gualba",41,2.503328,41.732614
081056,"Llagosta, la",41,2.192839,41.514742
081069,"Llinars del Vallès",41,2.402150,41.639867
081075,"Lliçà d'Amunt",41,2.240292,41.612025
081081,"Lliçà de Vall",41,2.243169,41.592778
081154,"Martorelles",41,2.237306,41.528403
081249,"Mollet del Vallès",41,2.213244,41.538625
081347,"Figaró-Montmany",41,2.275172,41.722142
081350,"Montmeló",41,2.249967,41.553922
081363,"Montornès del Vallès",41,2.266864,41.544069
081379,"Montseny",41,2.397122,41.759406
081593,"Parets del Vallès",41,2.234758,41.573608
081810,"Roca del Vallès, la",41,2.327692,41.589600
081982,"Sant Antoni de Vilamajor",41,2.401653,41.674108
082021,"Sant Celoni",41,2.491897,41.689367
082074,"Sant Esteve de Palautordera",41,2.435867,41.704544
082093,"Sant Fost de Campsentelles",41,2.235358,41.519525
082107,"Sant Feliu de Codines",41,2.165158,41.689656
082346,"Sant Pere de Vilamajor",41,2.390117,41.684728
082397,"Sant Quirze Safaja",41,2.154422,41.729494
082482,"Santa Eulàlia de Ronçana",41,2.225125,41.656878
082567,"Santa Maria de Martorelles",41,2.255158,41.520603
082592,"Santa Maria de Palautordera",41,2.445806,41.694611
082763,"Tagamanent",41,2.268867,41.739558
082943,"Vallgorguina",41,2.512669,41.648378
082969,"Vallromanes",41,2.302278,41.533119
083067,"Vilalba Sasserra",41,2.442175,41.653164
089024,"Vilanova del Vallès",41,2.286542,41.554578
